ori_aa,ori_nt,start
M,ATG,1
R,CGG,2
R,CGC,3
E,GAA,4
S,AGT,5
L,CTG,6
L,TTG,7
V,GTA,8
S,TCG,9
V,GTT,10
C,TGC,11
K,AAG,12
G,GGC,13
L,CTG,14
R,CGG,15
V,GTA,16
H,CAT,17
V,GTC,18
E,GAG,19
R,CGC,20
V,GTT,21
G,GGG,22
Q,CAG,23
D,GAT,24
P,CCC,25
G,GGG,26
R,CGC,27
S,AGC,28
T,ACG,29
V,GTG,30
M,ATG,31
L,CTG,32
V,GTC,33
N,AAC,34
G,GGC,35
A,GCG,36
M,ATG,37
A,GCG,38
T,ACC,39
T,ACC,40
A,GCC,41
S,TCG,42
F,TTC,43
A,GCC,44
R,CGG,45
T,ACC,46
C,TGC,47
K,AAG,48
C,TGC,49
L,CTG,50
A,GCC,51
E,GAA,52
H,CAT,53
F,TTC,54
N,AAC,55
V,GTG,56
V,GTG,57
L,CTG,58
F,TTC,59
D,GAC,60
L,CTG,61
P,CCC,62
F,TTC,63
A,GCC,64
G,GGG,65
Q,CAG,66
S,TCG,67
R,CGT,68
Q,CAG,69
H,CAC,70
N,AAC,71
P,CCG,72
Q,CAG,73
R,CGC,74
G,GGG,75
L,TTG,76
I,ATC,77
T,ACC,78
K,AAG,79
D,GAC,80
D,GAC,81
E,GAG,82
V,GTG,83
E,GAA,84
I,ATC,85
L,CTC,86
L,CTG,87
A,GCG,88
L,CTG,89
I,ATC,90
E,GAG,91
R,CGC,92
F,TTC,93
E,GAG,94
V,GTC,95
N,AAT,96
H,CAC,97
L,CTG,98
V,GTC,99
S,TCC,100
A,GCG,101
S,TCC,102
W,TGG,103
G,GGC,104
G,GGT,105
I,ATC,106
S,TCC,107
T,ACG,108
L,CTG,109
L,CTG,110
A,GCG,111
L,CTG,112
S,TCG,113
R,CGC,114
N,AAT,115
P,CCG,116
R,CGC,117
G,GGC,118
I,ATC,119
R,CGC,120
S,AGC,121
S,TCG,122
V,GTG,123
V,GTG,124
M,ATG,125
A,GCA,126
F,TTC,127
A,GCC,128
P,CCT,129
G,GGA,130
L,CTG,131
N,AAC,132
Q,CAG,133
A,GCG,134
M,ATG,135
L,CTC,136
D,GAC,137
Y,TAC,138
V,GTC,139
G,GGG,140
R,CGG,141
A,GCG,142
Q,CAG,143
A,GCG,144
L,CTG,145
I,ATC,146
E,GAG,147
L,CTG,148
D,GAC,149
D,GAC,150
K,AAG,151
S,TCG,152
A,GCG,153
I,ATC,154
G,GGC,155
H,CAT,156
L,CTG,157
L,CTC,158
N,AAC,159
E,GAG,160
T,ACC,161
V,GTC,162
G,GGC,163
K,AAA,164
Y,TAC,165
L,CTG,166
P,CCG,167
Q,CAG,168
R,CGC,169
L,CTG,170
K,AAA,171
A,GCC,172
S,AGC,173
N,AAC,174
H,CAT,175
Q,CAG,176
H,CAC,177
M,ATG,178
A,GCT,179
S,TCG,180
L,CTG,181
A,GCC,182
T,ACC,183
G,GGC,184
E,GAA,185
Y,TAC,186
E,GAG,187
Q,CAG,188
A,GCG,189
R,CGC,190
F,TTT,191
H,CAC,192
I,ATC,193
D,GAC,194
Q,CAG,195
V,GTG,196
L,CTG,197
A,GCG,198
L,CTC,199
N,AAC,200
D,GAT,201
R,CGG,202
G,GGC,203
Y,TAC,204
L,TTG,205
A,GCT,206
C,TGC,207
L,CTG,208
E,GAG,209
R,CGG,210
I,ATC,211
Q,CAG,212
S,AGC,213
H,CAC,214
V,GTG,215
H,CAT,216
F,TTC,217
I,ATC,218
N,AAC,219
G,GGC,220
S,AGC,221
W,TGG,222
D,GAC,223
E,GAA,224
Y,TAC,225
T,ACC,226
T,ACC,227
A,GCC,228
E,GAG,229
D,GAC,230
A,GCC,231
R,CGC,232
Q,CAG,233
F,TTC,234
R,CGC,235
D,GAC,236
Y,TAC,237
L,CTG,238
P,CCG,239
H,CAC,240
C,TGC,241
S,AGT,242
F,TTC,243
S,TCG,244
R,CGG,245
V,GTG,246
E,GAG,247
G,GGC,248
T,ACC,249
G,GGG,250
H,CAT,251
F,TTC,252
L,CTC,253
D,GAC,254
L,CTG,255
E,GAG,256
S,TCC,257
K,AAG,258
L,CTG,259
A,GCA,260
A,GCG,261
V,GTA,262
R,CGC,263
V,GTG,264
H,CAC,265
R,CGC,266
A,GCC,267
L,CTG,268
L,CTC,269
E,GAG,270
H,CAC,271
L,CTG,272
L,CTG,273
K,AAG,274
Q,CAA,275
P,CCG,276
E,GAG,277
P,CCG,278
Q,CAG,279
R,CGG,280
A,GCG,281
E,GAA,282
R,CGC,283
A,GCG,284
A,GCG,285
G,GGA,286
F,TTC,287
H,CAC,288
E,GAG,289
M,ATG,290
A,GCC,291
I,ATC,292
G,GGC,293
Y,TAC,294
A,GCC,295
*,TGA,296
